{
  "$schema": "http://json-schema.org/draft-04/schema#",
  "type": "object",
  "properties": {
    "ix": {
      "title": "Effect Index",
      "description": "Effect Index. Used for expressions.",
      "type": "number"
    },
    "mn": {
      "title": "Match Name",
      "description": "After Effect's Match Name. Used for expressions.",
      "type": "string"
    },
    "nm": {
      "title": "Name",
      "description": "After Effect's Name. Used for expressions.",
      "type": "string"
    },
    "ty": {
      "title": "Type",
      "description": "Effect type. Value:2.",
      "type": "number"
    },
    "v": {
      "title": "Value",
      "description": "Effect value.",
      "type": "object",
      "items": {
        "oneOf": [
          {
            "$ref": "#/properties/multiDimensional"
          },
          {
            "$ref": "#/properties/multiDimensionalKeyframed"
          }
        ],
        "type": "object"
      }
    }
  }
}
