{
  "$schema": "http://json-schema.org/draft-04/schema#",
  "type": "object",
  "properties": {
    "mn": {
      "title": "Match Name",
      "description": "After Effect's Match Name. Used for expressions.",
      "type": "string"
    },
    "nm": {
      "title": "Name",
      "description": "After Effect's Name. Used for expressions.",
      "type": "string"
    },
    "d": {
      "title": "Direction",
      "description": "After Effect's Direction. Direction how the shape is drawn. Used for trim path for example.",
      "type": "number"
    },
    "ty": {
      "title": "Type",
      "description": "Shape content type. Value: el",
      "type": "string"
    },
    "p": {
      "title": "Position",
      "description": "Ellipse's position",
      "oneOf": [
        {
          "$ref": "#/properties/multiDimensional"
        },
        {
          "$ref": "#/properties/multiDimensionalKeyframed"
        }
      ],
      "type": "object"
    },
    "s": {
      "title": "Size",
      "description": "Ellipse's size",
      "oneOf": [
        {
          "$ref": "#/properties/multiDimensional"
        },
        {
          "$ref": "#/properties/multiDimensionalKeyframed"
        }
      ],
      "type": "object"
    }
  }
}
