{
  "$schema": "http://json-schema.org/draft-04/schema#",
  "type": "object",
  "properties": {
    "mn": {
      "title": "Match Name",
      "description": "After Effect's Match Name. Used for expressions.",
      "type": "string"
    },
    "nm": {
      "title": "Name",
      "description": "After Effect's Name. Used for expressions.",
      "type": "string"
    },
    "ty": {
      "title": "Type",
      "description": "Shape content type. Value: fl",
      "type": "string"
    },
    "o": {
      "title": "Opacity",
      "description": "Fill Opacity",
      "oneOf": [
        {
          "$ref": "#/properties/Value"
        },
        {
          "$ref": "#/properties/valueKeyframed"
        }
      ],
      "type": "object"
    },
    "c": {
      "title": "Color",
      "description": "Fill Color",
      "oneOf": [
        {
          "$ref": "#/properties/multiDimensional"
        },
        {
          "$ref": "#/properties/multiDimensionalKeyframed"
        }
      ],
      "type": "object"
    }
  }
}
