{
  "$schema": "http://json-schema.org/draft-04/schema#",
  "type": "object",
  "properties": {
    "mn": {
      "title": "Match Name",
      "description": "After Effect's Match Name. Used for expressions.",
      "type": "string"
    },
    "nm": {
      "title": "Name",
      "description": "After Effect's Name. Used for expressions.",
      "type": "string"
    },
    "ty": {
      "title": "Type",
      "description": "Shape content type. Value: rd",
      "type": "string"
    },
    "r": {
      "title": "Radius",
      "description": "Rounded Corner Radius",
      "oneOf": [
        {
          "$ref": "#/properties/Value"
        },
        {
          "$ref": "#/properties/valueKeyframed"
        }
      ],
      "type": "object"
    }
  }
}
