{
  "$schema": "http://json-schema.org/draft-04/schema#",
  "type": "object",
  "properties": {
    "mn": {
      "title": "Match Name",
      "description": "After Effect's Match Name. Used for expressions.",
      "type": "string"
    },
    "nm": {
      "title": "Name",
      "description": "After Effect's Name. Used for expressions.",
      "type": "string"
    },
    "d": {
      "title": "Direction",
      "description": "After Effect's Direction. Direction how the shape is drawn. Used for trim path for example.",
      "type": "number"
    },
    "ty": {
      "title": "Type",
      "description": "Shape content type. Value: sh",
      "type": "string"
    },
    "ks": {
      "title": "Vertices",
      "description": "Shape's vertices",
      "oneOf": [
        {
          "$ref": "#/properties/shape"
        },
        {
          "$ref": "#/properties/shapeKeyframed"
        }
      ],
      "type": "object"
    }
  }
}
