{
  "name": "box-lid",
  "version": "0.1.3",
  "title": "jQuery Box Lid",
  "description": "A simple jQuery plugin that creates the box lid effect for navigation menus. Inspired by Toybox.",
  "author": {
    "name": "Jim Lim",
    "url": "http://jimjh.com"
  },
  "licenses": [
    {
      "type": "MIT",
      "url": "https://raw.github.com/jimjh/box-lid/master/LICENSE"
  }
  ],
  "dependencies": {
    "jquery": ">= 1.10"
  },
  "bugs": "https://github.com/jimjh/box-lid/issues",
  "homepage": "https://github.com/jimjh/box-lid",
  "docs": "http://jimjh.com/box-lid/",
  "demo": "http://jimjh.com/box-lid/"
}
